<application>
  <component name="PropertiesComponent">
    <property name="CommitChangeListDialog.DETAILS_SPLITTER_PROPORTION_2" value="0.6314286" />
    <property name="PyCharm.InitialConfiguration" value="true" />
    <property name="PyCharm.InitialConfiguration.V2" value="true" />
    <property name="PyCharm.InitialConfiguration.V3" value="true" />
    <property name="PyCharm.InitialConfiguration.V4" value="true" />
    <property name="PyCharm.InitialConfiguration.V5" value="true" />
    <property name="PyCharm.InitialConfiguration.V6" value="true" />
    <property name="PyCharm.InitialConfiguration.V7" value="true" />
    <property name="PyCharm.initialConfigurationShown" value="true" />
    <property name="SettingsSearchHistory" value="encode" />
    <property name="ShowDocumentationInToolWindow" value="true" />
    <property name="evlsprt3.183" value="11" />
    <property name="file.gist.reindex.count" value="5118" />
    <property name="fileTypeChangedCounter" value="2" />
    <property name="lastTip" value="1" />
    <property name="ts.lib.d.ts.version" value="3.2.1" />
  </component>
  <component name="PyTestFrameworkService">
    <option name="SDK_TO_PYTEST">
      <map>
        <entry key="$USER_HOME$/PycharmProjects/PythonEXP2/venv/bin/python" value="false" />
      </map>
    </option>
    <option name="SDK_TO_NOSETEST">
      <map>
        <entry key="$USER_HOME$/PycharmProjects/PythonEXP2/venv/bin/python" value="false" />
      </map>
    </option>
    <option name="SDK_TO_TRIALTEST">
      <map>
        <entry key="$USER_HOME$/PycharmProjects/PythonEXP2/venv/bin/python" value="false" />
      </map>
    </option>
  </component>
</application>